Name,Expiration,Description
Test0001,04/08/2018,Test0001
Test0002,04/08/2018,Test0002
Test0003,04/08/2018,Test0003
Test0004,04/08/2018,Test0004
Test0005,04/08/2018,Test0005
Test0006,04/08/2018,Test0006
Test0007,04/08/2018,Test0007
Test0008,04/08/2018,Test0008
Test0009,04/08/2018,Test0009
Test0010,04/08/2018,Test00010
Test0011,04/08/2018,Test0011
Test0012,04/08/2018,Test0012
Test0013,04/08/2018,Test0013
Test0014,04/08/2018,Test0014
Test0015,04/08/2018,Test0015
Test0016,04/08/2018,Test0016
Test0017,04/08/2018,Test0017
Test0018,04/08/2018,Test0018
Test0019,04/08/2018,Test0019
Test0020,04/08/2018,Test00020